PatientID,Gender,label,stratifying_key
107209,Male,0,Male_0
208031,Female,0,Female_0
113041,Male,1,Male_1
120067,Male,0,Male_0
217714,Female,0,Female_0
202003,Female,0,Female_0
127932,Male,0,Male_0
102045,Female,0,Female_0
210083,Male,0,Male_0
218410,Male,0,Male_0
204239,Male,0,Male_0
129218,Male,0,Male_0
203276,Male,0,Male_0
121878,Male,0,Male_0
116297,Female,0,Female_0
116006,Female,0,Female_0
215663,Male,0,Male_0
112215,Male,0,Male_0
209029,Female,1,Female_1
123175,Male,0,Male_0
217225,Female,0,Female_0
127025,Female,0,Female_0
119825,Male,0,Male_0
206494,Female,0,Female_0
106642,Male,1,Male_1
214780,Female,0,Female_0
213918,Male,1,Male_1
123629,Male,1,Male_1
216940,Female,1,Female_1
201839,Male,0,Male_0
127569,Male,0,Male_0
124548,Male,0,Male_0
215785,Female,0,Female_0
214011,Female,0,Female_0
109677,Male,0,Male_0
127882,Male,0,Male_0
119597,Female,1,Female_1
206210,Male,0,Male_0
213485,Male,1,Male_1
102854,Female,0,Female_0
101321,Male,0,Male_0
115625,Female,0,Female_0
127418,Male,0,Male_0
218320,Male,0,Male_0
100586,Female,0,Female_0
115228,Male,0,Male_0
205900,Male,1,Male_1
127757,Male,0,Male_0
123513,Male,0,Male_0
114565,Female,0,Female_0
119839,Female,1,Female_1
118339,Female,0,Female_0
216627,Female,0,Female_0
106725,Male,0,Male_0
115578,Male,0,Male_0
206026,Female,0,Female_0
132163,Female,0,Female_0
110821,Male,1,Male_1
129185,Female,0,Female_0
120001,Male,0,Male_0
111732,Female,0,Female_0
105352,Female,1,Female_1
105176,Female,0,Female_0
112474,Male,0,Male_0
118376,Male,0,Male_0
102609,Male,0,Male_0
204346,Male,0,Male_0
213562,Female,0,Female_0
120683,Female,0,Female_0
111803,Male,0,Male_0
122691,Female,0,Female_0
134418,Female,0,Female_0
116374,Male,0,Male_0
104086,Male,0,Male_0
126576,Female,1,Female_1
207121,Male,0,Male_0
216844,Female,0,Female_0
115123,Male,0,Male_0
134616,Male,0,Male_0
127329,Male,0,Male_0
105546,Female,0,Female_0
113954,Male,0,Male_0
101010,Female,0,Female_0
212549,Female,0,Female_0
207584,Female,1,Female_1
123247,Female,1,Female_1
115870,Female,0,Female_0
102822,Female,0,Female_0
134558,Female,0,Female_0
131629,Male,0,Male_0
107487,Male,0,Male_0
203581,Female,1,Female_1
127444,Female,0,Female_0
127731,Female,0,Female_0
213725,Female,0,Female_0
110155,Male,0,Male_0
103515,Male,0,Male_0
109238,Male,0,Male_0
125028,Female,0,Female_0
100759,Male,0,Male_0
207614,Female,0,Female_0
129478,Male,0,Male_0
202525,Female,0,Female_0
106551,Female,0,Female_0
122103,Male,0,Male_0
110985,Male,0,Male_0
116450,Female,0,Female_0
130234,Male,0,Male_0
205990,Female,0,Female_0
134206,Male,0,Male_0
117799,Female,1,Female_1
200674,Male,1,Male_1
105275,Male,0,Male_0
217968,Male,0,Male_0
123653,Male,0,Male_0
216150,Female,0,Female_0
121610,Female,0,Female_0
126612,Female,0,Female_0
133940,Male,0,Male_0
211628,Male,0,Male_0
115513,Female,0,Female_0
115985,Male,0,Male_0
102803,Female,0,Female_0
204615,Male,0,Male_0
102614,Male,0,Male_0
127403,Male,0,Male_0
109852,Female,1,Female_1
203196,Male,0,Male_0
102112,Female,0,Female_0
111413,Male,0,Male_0
204733,Male,0,Male_0
214683,Male,1,Male_1
133421,Male,0,Male_0
209302,Male,0,Male_0
119409,Male,0,Male_0
131905,Female,0,Female_0
127893,Female,0,Female_0
119323,Female,0,Female_0
110745,Female,0,Female_0
104822,Male,0,Male_0
128651,Male,1,Male_1
132543,Male,0,Male_0
205372,Female,0,Female_0
203358,Male,0,Male_0
125823,Male,0,Male_0
129553,Male,1,Male_1
127149,Male,0,Male_0
106878,Female,0,Female_0
130088,Male,0,Male_0
111392,Female,0,Female_0
130814,Female,0,Female_0
103448,Female,0,Female_0
109914,Male,0,Male_0
203404,Female,0,Female_0
131933,Male,0,Male_0
215853,Female,0,Female_0
108310,Female,0,Female_0
121571,Male,0,Male_0
128343,Female,0,Female_0
100570,Male,1,Male_1
111580,Female,0,Female_0
217208,Male,0,Male_0
123184,Male,0,Male_0
210568,Male,0,Male_0
115851,Female,0,Female_0
118995,Female,0,Female_0
104063,Male,1,Male_1
103482,Female,0,Female_0
106213,Male,0,Male_0
217292,Male,0,Male_0
129341,Female,0,Female_0
117737,Male,0,Male_0
126698,Male,1,Male_1
116804,Male,0,Male_0
133064,Female,0,Female_0
120288,Female,0,Female_0
101381,Male,0,Male_0
107610,Female,1,Female_1
205447,Female,0,Female_0
208531,Female,0,Female_0
111766,Male,0,Male_0
132523,Male,0,Male_0
106376,Male,0,Male_0
120516,Female,0,Female_0
218476,Male,0,Male_0
217038,Female,0,Female_0
125350,Male,0,Male_0
102690,Male,0,Male_0
103095,Male,0,Male_0
203146,Male,0,Male_0
117648,Male,0,Male_0
101731,Male,0,Male_0
201244,Female,0,Female_0
208380,Female,0,Female_0
216238,Female,1,Female_1
106669,Female,0,Female_0
203491,Female,0,Female_0
133786,Female,1,Female_1
105016,Female,0,Female_0
125368,Male,0,Male_0
113485,Male,0,Male_0
215336,Female,0,Female_0
204034,Male,0,Male_0
104661,Male,0,Male_0
217013,Male,0,Male_0
102315,Male,0,Male_0
206481,Female,0,Female_0
122800,Male,0,Male_0
113623,Male,1,Male_1
211484,Female,0,Female_0
125675,Female,0,Female_0
101576,Female,0,Female_0
124954,Male,0,Male_0
124705,Female,0,Female_0
104402,Female,0,Female_0
116046,Female,0,Female_0
133197,Male,0,Male_0
211941,Male,0,Male_0
104359,Female,0,Female_0
104707,Male,0,Male_0
205591,Male,1,Male_1
113755,Male,0,Male_0
209404,Female,0,Female_0
126152,Male,0,Male_0
200233,Female,0,Female_0
130428,Male,0,Male_0
111355,Male,1,Male_1
120730,Female,1,Female_1
114733,Female,0,Female_0
131593,Female,0,Female_0
118187,Male,0,Male_0
113964,Male,0,Male_0
103167,Male,0,Male_0
109896,Female,0,Female_0
214572,Male,1,Male_1
104142,Male,0,Male_0
211705,Male,0,Male_0
217756,Male,1,Male_1
126955,Male,1,Male_1
115487,Female,0,Female_0
124142,Male,0,Male_0
212920,Male,0,Male_0
208978,Female,0,Female_0
201828,Male,1,Male_1
126724,Female,0,Female_0
111668,Female,0,Female_0
218690,Female,0,Female_0
115684,Male,1,Male_1
122492,Female,0,Female_0
109151,Male,0,Male_0
208553,Female,0,Female_0
116883,Male,0,Male_0
120031,Male,0,Male_0
122533,Male,0,Male_0
100805,Male,0,Male_0
210391,Female,0,Female_0
201275,Female,1,Female_1
204808,Female,0,Female_0
106364,Female,1,Female_1
210153,Female,0,Female_0
209843,Female,0,Female_0
109508,Male,0,Male_0
130695,Male,0,Male_0
202447,Male,0,Male_0
202143,Male,0,Male_0
214993,Male,0,Male_0
120290,Male,0,Male_0
123825,Male,1,Male_1
126767,Male,0,Male_0
117438,Male,0,Male_0
203166,Male,1,Male_1
124614,Female,0,Female_0
119009,Female,0,Female_0
213457,Female,0,Female_0
110580,Female,0,Female_0
124741,Male,0,Male_0
115871,Male,0,Male_0
210908,Male,0,Male_0
117848,Male,0,Male_0
125809,Male,0,Male_0
119234,Female,0,Female_0
211843,Male,0,Male_0
115463,Female,0,Female_0
104191,Female,0,Female_0
115449,Male,0,Male_0
216515,Male,0,Male_0
104196,Female,0,Female_0
116329,Female,0,Female_0
102608,Male,1,Male_1
206874,Male,0,Male_0
104390,Male,0,Male_0
129141,Male,0,Male_0
124829,Male,0,Male_0
114828,Male,1,Male_1
115754,Female,0,Female_0
103574,Male,0,Male_0
217318,Male,0,Male_0
133170,Male,0,Male_0
214921,Male,0,Male_0
200576,Male,0,Male_0
209500,Male,0,Male_0
212729,Female,0,Female_0
119062,Male,0,Male_0
106183,Female,0,Female_0
131715,Male,0,Male_0
125665,Female,0,Female_0
204078,Male,0,Male_0
210950,Female,1,Female_1
114620,Male,0,Male_0
116266,Female,0,Female_0
102510,Female,0,Female_0
126682,Male,0,Male_0
212073,Male,0,Male_0
112435,Female,0,Female_0
216640,Male,0,Male_0
218159,Female,0,Female_0
130173,Male,0,Male_0
117612,Male,1,Male_1
107933,Male,0,Male_0
120011,Female,1,Female_1
113981,Female,0,Female_0
214584,Female,0,Female_0
217026,Male,0,Male_0
211814,Male,1,Male_1
100655,Male,0,Male_0
108306,Male,0,Male_0
109616,Female,1,Female_1
210815,Male,0,Male_0
206706,Male,0,Male_0
113716,Male,0,Male_0
132809,Male,0,Male_0
126236,Male,0,Male_0
110487,Female,0,Female_0
209852,Male,0,Male_0
107040,Male,0,Male_0
129627,Male,1,Male_1
105128,Female,0,Female_0
107058,Female,1,Female_1
127718,Male,0,Male_0
104680,Male,0,Male_0
120183,Female,0,Female_0
216447,Male,0,Male_0
132243,Female,0,Female_0
100577,Male,0,Male_0
109998,Male,0,Male_0
205053,Male,0,Male_0
109332,Male,0,Male_0
206952,Male,0,Male_0
126501,Male,0,Male_0
204002,Male,0,Male_0
132620,Male,0,Male_0
207014,Male,0,Male_0
117284,Female,0,Female_0
112630,Female,0,Female_0
210090,Male,1,Male_1
126701,Male,0,Male_0
210581,Female,1,Female_1
115007,Female,0,Female_0
133132,Male,0,Male_0
211280,Female,0,Female_0
133964,Male,0,Male_0
109365,Male,0,Male_0
102405,Male,0,Male_0
129440,Female,0,Female_0
128958,Female,0,Female_0
106794,Female,0,Female_0
130315,Female,1,Female_1
116298,Male,0,Male_0
207885,Female,0,Female_0
211436,Male,0,Male_0
101444,Male,0,Male_0
123434,Female,0,Female_0
210024,Female,0,Female_0
116779,Male,0,Male_0
113970,Female,0,Female_0
213897,Male,0,Male_0
211188,Male,0,Male_0
114798,Female,1,Female_1
133138,Female,0,Female_0
213232,Female,0,Female_0
106055,Female,0,Female_0
102188,Male,0,Male_0
208561,Female,0,Female_0
211667,Female,0,Female_0
130194,Male,0,Male_0
109131,Female,0,Female_0
126296,Female,0,Female_0
103414,Female,0,Female_0
119101,Male,0,Male_0
203634,Female,0,Female_0
128411,Male,0,Male_0
105205,Female,0,Female_0
128478,Male,0,Male_0
124014,Male,0,Male_0
209137,Male,0,Male_0
114672,Female,0,Female_0
107434,Male,1,Male_1
117483,Male,0,Male_0
106574,Male,0,Male_0
210861,Female,0,Female_0
204527,Male,0,Male_0
119620,Male,0,Male_0
213544,Female,1,Female_1
207520,Male,0,Male_0
112197,Female,0,Female_0
123978,Female,0,Female_0
106976,Female,0,Female_0
119199,Male,0,Male_0
208034,Male,0,Male_0
121112,Female,0,Female_0
214644,Female,0,Female_0
134493,Male,1,Male_1
217245,Male,1,Male_1
104173,Male,0,Male_0
106490,Female,0,Female_0
105085,Female,0,Female_0
117482,Female,0,Female_0
103621,Male,1,Male_1
213396,Male,0,Male_0
203098,Male,0,Male_0
126123,Male,0,Male_0
100035,Female,0,Female_0
115175,Male,0,Male_0
106456,Female,0,Female_0
120619,Female,0,Female_0
206147,Male,0,Male_0
203027,Female,0,Female_0
100814,Male,0,Male_0
124323,Female,1,Female_1
132539,Male,0,Male_0
203015,Male,0,Male_0
201232,Female,0,Female_0
122606,Female,0,Female_0
131260,Female,0,Female_0
126308,Female,0,Female_0
134006,Male,0,Male_0
122105,Male,0,Male_0
132935,Male,0,Male_0
100641,Male,0,Male_0
119856,Male,0,Male_0
216636,Male,0,Male_0
120829,Male,0,Male_0
109777,Female,1,Female_1
215698,Male,0,Male_0
105181,Male,0,Male_0
122833,Female,0,Female_0
200179,Female,0,Female_0
214027,Male,0,Male_0
104839,Male,1,Male_1
117130,Male,0,Male_0
111879,Female,0,Female_0
213240,Female,0,Female_0
210418,Male,0,Male_0
107946,Male,1,Male_1
130592,Female,0,Female_0
119913,Female,0,Female_0
112870,Male,0,Male_0
130622,Male,0,Male_0
111243,Male,1,Male_1
218066,Male,0,Male_0
119700,Female,0,Female_0
116234,Male,0,Male_0
100709,Male,1,Male_1
100421,Male,0,Male_0
106837,Female,0,Female_0
118456,Male,0,Male_0
134356,Male,0,Male_0
214266,Male,0,Male_0
207206,Male,1,Male_1
103918,Female,0,Female_0
211570,Male,1,Male_1
209849,Male,0,Male_0
114689,Female,0,Female_0
110193,Male,0,Male_0
100414,Male,0,Male_0
123343,Female,0,Female_0
121222,Male,0,Male_0
106396,Male,0,Male_0
118208,Female,0,Female_0
215969,Male,1,Male_1
112674,Female,0,Female_0
117947,Male,0,Male_0
123362,Male,0,Male_0
104835,Male,0,Male_0
123281,Male,0,Male_0
217279,Female,0,Female_0
123875,Male,0,Male_0
210943,Female,0,Female_0
202580,Female,0,Female_0
105974,Female,1,Female_1
115337,Male,0,Male_0
218247,Male,0,Male_0
215671,Female,0,Female_0
117555,Male,0,Male_0
119294,Male,0,Male_0
122472,Male,0,Male_0
119520,Male,0,Male_0
211722,Male,0,Male_0
117896,Male,0,Male_0
105142,Male,1,Male_1
114314,Female,0,Female_0
120096,Male,0,Male_0
210918,Female,0,Female_0
212037,Male,0,Male_0
110399,Female,0,Female_0
213972,Female,1,Female_1
129831,Male,0,Male_0
133811,Male,1,Male_1
124072,Female,0,Female_0
126186,Male,0,Male_0
114763,Male,0,Male_0
108140,Female,1,Female_1
122180,Female,0,Female_0
119338,Female,0,Female_0
116806,Female,0,Female_0
110912,Male,0,Male_0
209651,Female,0,Female_0
203136,Female,0,Female_0
125397,Female,0,Female_0
119612,Male,0,Male_0
205422,Male,0,Male_0
106299,Female,0,Female_0
133654,Male,0,Male_0
207839,Male,0,Male_0
118719,Male,1,Male_1
117556,Male,0,Male_0
211092,Female,0,Female_0
209306,Female,1,Female_1
203198,Male,0,Male_0
212330,Male,1,Male_1
118672,Female,1,Female_1
124187,Female,0,Female_0
201582,Male,0,Male_0
203864,Female,0,Female_0
106699,Male,0,Male_0
214413,Male,0,Male_0
218238,Male,0,Male_0
113097,Male,0,Male_0
207815,Male,0,Male_0
121053,Female,0,Female_0
203131,Male,0,Male_0
129678,Male,0,Male_0
214494,Male,0,Male_0
212068,Male,1,Male_1
110176,Male,0,Male_0
207857,Female,1,Female_1
211773,Female,0,Female_0
214175,Male,0,Male_0
200818,Female,0,Female_0
121670,Male,0,Male_0
121073,Female,1,Female_1
134526,Male,0,Male_0
128465,Male,0,Male_0
207116,Female,0,Female_0
100667,Male,0,Male_0
123792,Male,0,Male_0
120950,Male,0,Male_0
100560,Male,1,Male_1
106204,Female,1,Female_1
105280,Female,0,Female_0
111859,Male,1,Male_1
104255,Female,0,Female_0
105301,Male,0,Male_0
202274,Female,0,Female_0
108207,Male,0,Male_0
110483,Male,0,Male_0
206025,Female,0,Female_0
209626,Female,0,Female_0
215046,Female,0,Female_0
112691,Male,0,Male_0
214085,Female,0,Female_0
211001,Female,0,Female_0
133114,Male,0,Male_0
133538,Male,0,Male_0
200942,Male,0,Male_0
106314,Female,0,Female_0
130231,Male,0,Male_0
107164,Male,0,Male_0
133557,Female,0,Female_0
127121,Male,0,Male_0
111529,Female,0,Female_0
121087,Male,0,Male_0
121961,Male,0,Male_0
104050,Female,0,Female_0
114796,Female,0,Female_0
112660,Male,0,Male_0
126899,Male,0,Male_0
134024,Female,0,Female_0
218829,Female,0,Female_0
209176,Female,0,Female_0
107365,Female,0,Female_0
214959,Male,0,Male_0
117025,Male,1,Male_1
115782,Male,0,Male_0
205611,Male,0,Male_0
205654,Male,0,Male_0
132110,Female,0,Female_0
123944,Female,1,Female_1
210672,Male,0,Male_0
103825,Female,0,Female_0
106059,Female,0,Female_0
207453,Male,0,Male_0
101873,Male,0,Male_0
128189,Female,0,Female_0
130804,Female,0,Female_0
104652,Male,0,Male_0
218389,Male,0,Male_0
210421,Male,0,Male_0
210021,Female,0,Female_0
129703,Female,0,Female_0
212514,Male,0,Male_0
128714,Male,0,Male_0
114176,Male,0,Male_0
204067,Female,1,Female_1
123142,Female,0,Female_0
216160,Male,1,Male_1
216359,Female,0,Female_0
132498,Male,0,Male_0
109437,Female,0,Female_0
122705,Male,0,Male_0
211143,Female,0,Female_0
115441,Male,0,Male_0
133604,Female,0,Female_0
124198,Female,0,Female_0
216328,Male,0,Male_0
213442,Male,1,Male_1
121949,Female,0,Female_0
217152,Male,0,Male_0
208439,Female,0,Female_0
100727,Male,0,Male_0
206844,Female,0,Female_0
117562,Female,0,Female_0
134199,Female,0,Female_0
128018,Male,0,Male_0
202187,Male,0,Male_0
215360,Female,0,Female_0
113847,Male,0,Male_0
120954,Female,1,Female_1
203898,Male,0,Male_0
208107,Female,0,Female_0
105670,Male,0,Male_0
108903,Female,0,Female_0
210717,Male,0,Male_0
217865,Male,0,Male_0
104179,Female,0,Female_0
217482,Female,1,Female_1
119326,Male,1,Male_1
216276,Male,0,Male_0
203829,Female,0,Female_0
103436,Female,0,Female_0
105127,Female,0,Female_0
126787,Female,1,Female_1
216329,Female,0,Female_0
126823,Female,1,Female_1
115174,Female,1,Female_1
129774,Female,0,Female_0
119740,Male,0,Male_0
132488,Female,0,Female_0
128581,Female,0,Female_0
117627,Female,1,Female_1
213970,Female,0,Female_0
216273,Female,0,Female_0
214058,Female,0,Female_0
212730,Male,0,Male_0
128534,Female,1,Female_1
122376,Male,1,Male_1
109147,Male,0,Male_0
111621,Female,0,Female_0
106926,Male,1,Male_1
109723,Male,0,Male_0
119496,Male,1,Male_1
209683,Male,1,Male_1
205572,Male,0,Male_0
121004,Male,1,Male_1
104363,Male,1,Male_1
128107,Male,0,Male_0
203469,Female,0,Female_0
123121,Male,0,Male_0
205229,Female,0,Female_0
206929,Female,0,Female_0
131649,Male,0,Male_0
108539,Male,0,Male_0
112272,Male,0,Male_0
130114,Female,0,Female_0
104864,Male,0,Male_0
106161,Female,0,Female_0
105632,Male,0,Male_0
116289,Male,1,Male_1
217124,Female,0,Female_0
218685,Female,0,Female_0
101097,Male,0,Male_0
110494,Female,0,Female_0
209324,Female,0,Female_0
212553,Male,0,Male_0
116080,Male,0,Male_0
118545,Female,0,Female_0
117777,Male,1,Male_1
201822,Female,0,Female_0
130786,Male,0,Male_0
214553,Male,1,Male_1
206549,Male,0,Male_0
212900,Male,1,Male_1
100376,Male,0,Male_0
131371,Female,0,Female_0
132084,Female,0,Female_0
208983,Male,0,Male_0
210714,Male,0,Male_0
129808,Female,0,Female_0
121333,Male,1,Male_1
214911,Female,0,Female_0
206215,Female,1,Female_1
210555,Female,0,Female_0
123324,Male,1,Male_1
202822,Male,1,Male_1
216685,Male,0,Male_0
109492,Male,0,Male_0
208639,Female,0,Female_0
129712,Male,0,Male_0
202399,Female,0,Female_0
100289,Male,0,Male_0
116335,Male,0,Male_0
129054,Male,0,Male_0
129892,Male,1,Male_1
119100,Male,0,Male_0
126034,Male,0,Male_0
205361,Male,0,Male_0
113636,Male,0,Male_0
132553,Male,0,Male_0
122047,Male,0,Male_0
126241,Male,0,Male_0
115314,Male,0,Male_0
122080,Male,0,Male_0
213161,Female,0,Female_0
215573,Male,0,Male_0
124700,Male,0,Male_0
205964,Female,0,Female_0
119743,Female,1,Female_1
103001,Female,0,Female_0
104377,Male,0,Male_0
120541,Male,0,Male_0
117999,Male,0,Male_0
106613,Male,0,Male_0
124486,Male,1,Male_1
127620,Male,0,Male_0
132106,Male,0,Male_0
110797,Male,0,Male_0
101693,Male,0,Male_0
214083,Male,0,Male_0
107572,Male,0,Male_0
102218,Female,0,Female_0
114789,Female,0,Female_0
101173,Male,0,Male_0
212819,Male,1,Male_1
104248,Male,1,Male_1
114864,Male,0,Male_0
114216,Male,0,Male_0
209253,Male,0,Male_0
133498,Male,0,Male_0
104669,Male,0,Male_0
105801,Male,0,Male_0
125408,Male,1,Male_1
108836,Female,0,Female_0
213409,Male,0,Male_0
103677,Male,0,Male_0
215965,Female,0,Female_0
124217,Male,0,Male_0
118463,Female,0,Female_0
200957,Male,0,Male_0
211174,Male,0,Male_0
204350,Male,0,Male_0
106333,Female,0,Female_0
128938,Male,0,Male_0
108869,Male,0,Male_0
112235,Male,1,Male_1
206284,Male,0,Male_0
110111,Male,0,Male_0
132900,Male,0,Male_0
102815,Female,0,Female_0
126265,Male,0,Male_0
126409,Female,0,Female_0
102910,Female,0,Female_0
108403,Male,0,Male_0
132943,Male,0,Male_0
118271,Male,0,Male_0
109411,Male,0,Male_0
130840,Female,0,Female_0
200252,Male,0,Male_0
213144,Female,1,Female_1
204522,Male,0,Male_0
208510,Female,0,Female_0
212213,Female,0,Female_0
117943,Female,0,Female_0
104383,Male,0,Male_0
112211,Male,0,Male_0
130221,Male,0,Male_0
129869,Female,0,Female_0
113220,Male,0,Male_0
120761,Female,0,Female_0
126329,Female,0,Female_0
117394,Male,0,Male_0
119485,Male,0,Male_0
104184,Female,0,Female_0
112588,Female,0,Female_0
214718,Male,0,Male_0
212359,Female,1,Female_1
215325,Female,1,Female_1
101857,Female,0,Female_0
128314,Male,0,Male_0
116837,Female,1,Female_1
114958,Male,0,Male_0
202095,Female,0,Female_0
205938,Female,0,Female_0
109532,Male,1,Male_1
120680,Male,0,Male_0
121794,Female,1,Female_1
128205,Male,0,Male_0
202976,Male,1,Male_1
202268,Male,1,Male_1
117819,Female,0,Female_0
206734,Male,0,Male_0
211418,Male,0,Male_0
105144,Male,1,Male_1
206450,Female,0,Female_0
114038,Male,0,Male_0
129685,Female,1,Female_1
100508,Male,0,Male_0
101489,Male,0,Male_0
103115,Female,0,Female_0
102467,Male,0,Male_0
210907,Female,0,Female_0
129119,Male,0,Male_0
133429,Female,0,Female_0
128498,Female,0,Female_0
211494,Male,1,Male_1
102705,Male,0,Male_0
118835,Female,0,Female_0
211285,Female,0,Female_0
208272,Female,0,Female_0
209140,Male,1,Male_1
200056,Female,1,Female_1
116087,Female,0,Female_0
100619,Male,1,Male_1
100973,Male,0,Male_0
119055,Male,0,Male_0
207954,Female,1,Female_1
104325,Male,1,Male_1
210471,Male,0,Male_0
127848,Female,0,Female_0
215311,Male,1,Male_1
209184,Female,1,Female_1
215998,Female,1,Female_1
126446,Male,1,Male_1
118272,Male,0,Male_0
207938,Male,0,Male_0
112692,Male,0,Male_0
126947,Male,0,Male_0
209297,Female,1,Female_1
117991,Male,0,Male_0
131423,Male,1,Male_1
108434,Male,0,Male_0
216888,Female,0,Female_0
127194,Male,0,Male_0
122109,Male,0,Male_0
209134,Male,0,Male_0
128586,Male,0,Male_0
114311,Female,1,Female_1
117699,Male,0,Male_0
213439,Female,1,Female_1
117948,Male,0,Male_0
108691,Male,0,Male_0
206543,Male,1,Male_1
208589,Female,1,Female_1
107968,Female,0,Female_0
106342,Male,0,Male_0
205311,Male,0,Male_0
212222,Female,1,Female_1
218727,Male,0,Male_0
104917,Male,0,Male_0
121456,Male,0,Male_0
203938,Female,0,Female_0
210193,Male,0,Male_0
104122,Male,0,Male_0
123870,Male,0,Male_0
122427,Female,0,Female_0
206659,Male,0,Male_0
201641,Female,1,Female_1
134593,Male,0,Male_0
105068,Male,0,Male_0
205714,Male,1,Male_1
133176,Female,0,Female_0
103174,Female,0,Female_0
212676,Female,0,Female_0
132693,Male,0,Male_0
107578,Male,0,Male_0
212069,Male,0,Male_0
130453,Female,0,Female_0
106760,Male,0,Male_0
107943,Male,0,Male_0
115520,Male,1,Male_1
201180,Male,0,Male_0
104438,Female,0,Female_0
111344,Female,0,Female_0
208234,Male,0,Male_0
217089,Male,0,Male_0
215876,Male,0,Male_0
120166,Male,0,Male_0
129225,Male,0,Male_0
101143,Female,0,Female_0
132904,Male,0,Male_0
126622,Male,0,Male_0
125413,Male,0,Male_0
125002,Male,0,Male_0
204405,Male,0,Male_0
119347,Male,0,Male_0
103275,Female,0,Female_0
102736,Male,1,Male_1
118614,Male,0,Male_0
112893,Female,1,Female_1
204313,Female,0,Female_0
113659,Male,0,Male_0
205424,Female,0,Female_0
108474,Female,0,Female_0
116519,Female,0,Female_0
118858,Female,0,Female_0
123937,Male,0,Male_0
207321,Female,0,Female_0
102216,Male,0,Male_0
215776,Female,0,Female_0
200643,Female,0,Female_0
114309,Male,0,Male_0
108527,Female,0,Female_0
126520,Female,1,Female_1
130139,Female,0,Female_0
217982,Male,0,Male_0
131657,Male,1,Male_1
126328,Male,0,Male_0
129418,Female,0,Female_0
102658,Female,1,Female_1
217440,Female,0,Female_0
132703,Male,0,Male_0
200328,Female,0,Female_0
110356,Male,1,Male_1
214279,Male,0,Male_0
118969,Male,0,Male_0
127992,Female,1,Female_1
202947,Female,0,Female_0
201290,Male,0,Male_0
124118,Female,0,Female_0
133202,Female,0,Female_0
213734,Female,1,Female_1
115979,Female,0,Female_0
106418,Female,0,Female_0
134226,Female,0,Female_0
100703,Male,1,Male_1
116362,Male,0,Male_0
123054,Female,0,Female_0
121852,Female,1,Female_1
104302,Male,0,Male_0
218377,Male,0,Male_0
114633,Male,0,Male_0
214369,Male,0,Male_0
209510,Female,0,Female_0
102795,Male,0,Male_0
201105,Female,0,Female_0
214954,Female,0,Female_0
204694,Male,1,Male_1
216368,Male,0,Male_0
106264,Female,0,Female_0
110340,Female,0,Female_0
102713,Female,0,Female_0
202008,Female,0,Female_0
100766,Male,0,Male_0
113411,Male,0,Male_0
215421,Female,0,Female_0
210231,Female,0,Female_0
127925,Male,0,Male_0
121469,Female,1,Female_1
203265,Male,0,Male_0
205489,Male,0,Male_0
201749,Male,0,Male_0
120533,Female,0,Female_0
202392,Male,0,Male_0
215128,Female,0,Female_0
117671,Female,0,Female_0
215089,Female,0,Female_0
103981,Male,0,Male_0
106593,Male,0,Male_0
115406,Female,0,Female_0
204909,Female,1,Female_1
132722,Female,0,Female_0
105986,Female,0,Female_0
102500,Female,0,Female_0
117436,Male,0,Male_0
127269,Female,0,Female_0
116011,Male,0,Male_0
105341,Female,0,Female_0
127923,Female,1,Female_1
124471,Male,0,Male_0
100282,Female,0,Female_0
210749,Female,0,Female_0
110775,Male,0,Male_0
109020,Male,0,Male_0
205410,Female,0,Female_0
207451,Female,0,Female_0
124864,Female,1,Female_1
101273,Male,0,Male_0
202404,Female,0,Female_0
123246,Male,0,Male_0
126245,Female,0,Female_0
119917,Male,0,Male_0
206569,Male,0,Male_0
106031,Female,0,Female_0
105687,Male,0,Male_0
131979,Male,1,Male_1
105571,Female,0,Female_0
108420,Female,1,Female_1
217237,Female,0,Female_0
128899,Male,1,Male_1
216444,Female,0,Female_0
115171,Male,0,Male_0
125252,Female,0,Female_0
213200,Female,0,Female_0
117382,Male,0,Male_0
109155,Male,0,Male_0
202570,Female,0,Female_0
112619,Male,0,Male_0
122484,Male,0,Male_0
124424,Female,0,Female_0
117492,Female,1,Female_1
125174,Male,0,Male_0
123231,Male,0,Male_0
126199,Male,0,Male_0
201735,Female,0,Female_0
109584,Female,0,Female_0
103446,Male,0,Male_0
100693,Male,0,Male_0
111411,Male,0,Male_0
120708,Male,1,Male_1
102661,Male,0,Male_0
128890,Male,0,Male_0
203295,Female,0,Female_0
132012,Male,0,Male_0
216528,Female,0,Female_0
120679,Female,0,Female_0
109189,Male,1,Male_1
213382,Female,0,Female_0
125309,Male,0,Male_0
212125,Female,0,Female_0
127108,Female,0,Female_0
212265,Female,0,Female_0
112362,Male,0,Male_0
134422,Male,0,Male_0
117502,Male,1,Male_1
131802,Male,0,Male_0
115057,Male,0,Male_0
215768,Female,0,Female_0
131412,Female,0,Female_0
213630,Male,1,Male_1
124791,Female,0,Female_0
104211,Female,0,Female_0
100676,Male,0,Male_0
121813,Male,0,Male_0
208794,Male,0,Male_0
101867,Female,0,Female_0
121214,Female,0,Female_0
101954,Male,0,Male_0
132672,Male,0,Male_0
106819,Male,0,Male_0
207825,Female,0,Female_0
107411,Female,0,Female_0
109341,Male,1,Male_1
116176,Male,1,Male_1
104386,Female,1,Female_1
118210,Female,0,Female_0
216449,Female,0,Female_0
128555,Female,0,Female_0
102387,Male,0,Male_0
209645,Female,0,Female_0
124876,Female,0,Female_0
101397,Female,1,Female_1
203014,Male,0,Male_0
114196,Female,0,Female_0
125862,Female,0,Female_0
107004,Male,0,Male_0
108205,Male,0,Male_0
121003,Male,1,Male_1
133318,Female,0,Female_0
205089,Male,1,Male_1
119780,Male,0,Male_0
120247,Male,0,Male_0
200311,Female,0,Female_0
117751,Male,0,Male_0
117914,Male,0,Male_0
101626,Male,0,Male_0
119637,Female,0,Female_0
108761,Male,0,Male_0
218423,Female,0,Female_0
207253,Male,0,Male_0
102451,Male,0,Male_0
107516,Female,0,Female_0
214610,Female,0,Female_0
104215,Male,0,Male_0
112919,Female,0,Female_0
122462,Female,0,Female_0
208350,Male,0,Male_0
129673,Male,0,Male_0
200549,Male,0,Male_0
108806,Female,1,Female_1
217063,Female,0,Female_0
132999,Male,0,Male_0
129545,Female,0,Female_0
218781,Male,0,Male_0
127480,Male,0,Male_0
207368,Female,0,Female_0
114490,Male,0,Male_0
114573,Male,0,Male_0
210400,Male,0,Male_0
133793,Male,0,Male_0
213429,Male,0,Male_0
112885,Male,0,Male_0
212794,Male,0,Male_0
122086,Male,0,Male_0
104880,Female,0,Female_0
114824,Female,0,Female_0
103507,Male,1,Male_1
201979,Female,1,Female_1
200931,Male,1,Male_1
103666,Female,0,Female_0
216790,Male,0,Male_0
207344,Female,0,Female_0
125353,Female,1,Female_1
121380,Male,0,Male_0
207114,Male,0,Male_0
132702,Male,0,Male_0
110836,Male,0,Male_0
129259,Male,0,Male_0
210791,Male,0,Male_0
127167,Male,0,Male_0
108256,Male,0,Male_0
120425,Male,0,Male_0
212964,Female,0,Female_0
128880,Female,1,Female_1
207529,Female,0,Female_0
100150,Male,0,Male_0
106971,Female,1,Female_1
107320,Male,0,Male_0
205648,Female,0,Female_0
105877,Male,0,Male_0
216395,Male,1,Male_1
133734,Male,0,Male_0
132342,Female,0,Female_0
119533,Male,0,Male_0
200843,Male,0,Male_0
128062,Female,0,Female_0
130741,Male,0,Male_0
216384,Male,0,Male_0
201102,Male,0,Male_0
206198,Female,0,Female_0
114250,Male,0,Male_0
122264,Female,0,Female_0
204538,Female,0,Female_0
110817,Male,1,Male_1
130133,Female,1,Female_1
112276,Male,0,Male_0
130589,Male,0,Male_0
130193,Female,0,Female_0
203473,Female,0,Female_0
105925,Male,0,Male_0
117950,Male,1,Male_1
129285,Male,1,Male_1
207382,Male,0,Male_0
213346,Female,0,Female_0
211779,Male,0,Male_0
123633,Male,0,Male_0
125773,Male,0,Male_0
213758,Female,0,Female_0
119503,Male,0,Male_0
105732,Female,0,Female_0
109957,Female,0,Female_0
101331,Male,0,Male_0
128712,Male,0,Male_0
106142,Male,0,Male_0
122737,Male,0,Male_0
119140,Female,0,Female_0
211897,Female,0,Female_0
109602,Male,0,Male_0
112306,Female,0,Female_0
213560,Male,0,Male_0
122677,Male,0,Male_0
203326,Male,0,Male_0
130481,Female,0,Female_0
128998,Male,0,Male_0
131465,Female,0,Female_0
115225,Male,0,Male_0
122563,Male,0,Male_0
120969,Female,1,Female_1
120584,Female,0,Female_0
125189,Female,0,Female_0
106587,Male,0,Male_0
121893,Male,1,Male_1
214226,Male,0,Male_0
105367,Male,0,Male_0
109362,Female,0,Female_0
115049,Male,0,Male_0
208816,Female,0,Female_0
200599,Male,0,Male_0
101364,Male,0,Male_0
130376,Female,0,Female_0
100994,Female,0,Female_0
201368,Female,0,Female_0
131514,Male,0,Male_0
114122,Male,1,Male_1
103580,Female,0,Female_0
127616,Male,0,Male_0
107156,Female,0,Female_0
128161,Male,0,Male_0
120447,Female,0,Female_0
208156,Male,0,Male_0
125374,Male,0,Male_0
130491,Female,1,Female_1
201657,Male,0,Male_0
211038,Male,0,Male_0
102396,Male,0,Male_0
210774,Female,1,Female_1
201173,Female,0,Female_0
206295,Male,0,Male_0
129091,Male,0,Male_0
218521,Female,0,Female_0
107298,Male,0,Male_0
213713,Male,0,Male_0
123062,Male,0,Male_0
206737,Female,1,Female_1
129942,Male,0,Male_0
112767,Female,0,Female_0
107791,Female,1,Female_1
119816,Female,0,Female_0
216422,Male,1,Male_1
204463,Male,0,Male_0
108281,Male,0,Male_0
105987,Male,0,Male_0
105689,Female,0,Female_0
209660,Male,0,Male_0
218021,Female,0,Female_0
206849,Female,0,Female_0
116963,Male,0,Male_0
202702,Male,0,Male_0
119956,Male,0,Male_0
202832,Male,0,Male_0
132371,Male,0,Male_0
100777,Male,0,Male_0
124108,Female,0,Female_0
214412,Female,0,Female_0
128306,Female,0,Female_0
207806,Male,0,Male_0
111775,Female,0,Female_0
131910,Female,1,Female_1
205578,Male,0,Male_0
131988,Male,0,Male_0
127045,Female,0,Female_0
132886,Male,0,Male_0
208689,Female,0,Female_0
104743,Male,0,Male_0
112650,Female,0,Female_0
112029,Female,0,Female_0
208484,Female,0,Female_0
115599,Female,0,Female_0
207347,Female,1,Female_1
101834,Female,1,Female_1
100771,Male,0,Male_0
125943,Female,0,Female_0
200797,Male,0,Male_0
100921,Female,0,Female_0
